<?xml version="1.0" encoding="UTF-8"?>
<Page xmlns="http://schemas.nativescript.org/tns.xsd" navigatingTo="navigatingTo" class="bg-gray-100">
    <ActionBar title="Chat en Español" class="bg-blue-600 text-white"/>
    
    <GridLayout rows="*, auto" class="p-2">
        <ListView items="{{ mensajes }}" row="0" class="list-group">
            <ListView.itemTemplate>
                <Frame class="list-group-item">
                    <GridLayout columns="*" rows="auto" class="m-2 p-2 bg-white rounded-lg">
                        <StackLayout>
                            <Label text="{{ usuario }}" class="font-bold text-blue-600"/>
                            <Label text="{{ texto }}" textWrap="true" class="text-gray-700"/>
                            <Label text="{{ fecha | fechaFormateada }}" class="text-xs text-gray-500"/>
                        </StackLayout>
                    </GridLayout>
                </Frame>
            </ListView.itemTemplate>
        </ListView>

        <GridLayout row="1" columns="*, auto" class="p-2">
            <TextField col="0" 
                      text="{{ nuevoMensaje }}" 
                      hint="Escribe un mensaje..." 
                      class="input p-2 bg-white rounded-lg"/>
            <Button col="1" 
                    text="Enviar" 
                    tap="{{ enviarMensaje }}" 
                    class="btn btn-primary ml-2"/>
        </GridLayout>
    </GridLayout>
</Page>